ticker,sector,industry
NTAP,Technology,Computer Hardware
PEP,Consumer Defensive,Beverages—Non-Alcoholic
FLR,Industrials,Engineering & Construction
NSP,Industrials,Staffing & Employment Services
IFF,Basic Materials,Specialty Chemicals
JNJ,Healthcare,Drug Manufacturers—General
KVUE,Consumer Defensive,Household & Personal Products
LBRDA,Communication Services,Telecom Services
MRK,Healthcare,Drug Manufacturers—General
MS,Financial Services,Capital Markets
PLD,Real Estate,REIT—Industrial
SEDG,Technology,Solar
TGT,Consumer Defensive,Discount Stores
TXN,Technology,Semiconductors
WTW,Financial Services,Insurance Brokers
D,Utilities,Utilities—Regulated Electric
LDOS,Technology,Information Technology Services
SAIC,Technology,Information Technology Services
ABBV,Healthcare,Drug Manufacturers—General
ABNB,Consumer Cyclical,Travel Services
ALL,Financial Services,Insurance—Property & Casualty
AMZN,Consumer Cyclical,Internet Retail
AAPL,Technology,Consumer Electronics
T,Communication Services,Telecom Services
CVX,Energy,Oil & Gas Integrated
CHRD,Energy,Oil & Gas E&P
ELF,Consumer Defensive,Household & Personal Products
XOM,Energy,Oil & Gas Integrated
GD,Industrials,Aerospace & Defense
JPM,Financial Services,Banks—Diversified
KMI,Energy,Oil & Gas Midstream
LNC,Financial Services,Insurance—Life
LOW,Consumer Cyclical,Home Improvement Retail
MCD,Consumer Cyclical,Restaurants
MDT,Healthcare,Medical Devices
MSFT,Technology,Software—Infrastructure
NEE,Utilities,Utilities—Regulated Electric
NVDA,Technology,Semiconductors
ORCL,Technology,Software—Infrastructure
PR,Energy,Oil & Gas E&P
SWX,Utilities,Utilities—Regulated Gas
TSLA,Consumer Cyclical,Auto Manufacturers
TSCO,Consumer Cyclical,Specialty Retail
UBER,Technology,Software—Application
VLO,Energy,Oil & Gas Refining & Marketing
WMT,Consumer Defensive,Discount Stores
WBD,Communication Services,Entertainment
SPG,Real Estate,REIT—Retail
AMD,Technology,Semiconductors
ADYEY,Technology,Software—Infrastructure
AAGIY,Financial Services,Insurance—Life
GOOGL,Communication Services,Internet Content & Information
AORT,Healthcare,Medical Devices
ASML,Technology,Semiconductor Equipment & Materials
ATLKY,Industrials,Specialty Industrial Machinery
AZTA,Healthcare,Medical Instruments & Supplies
SCHW,Financial Services,Capital Markets
GTLS,Industrials,Specialty Industrial Machinery
CTSH,Technology,Information Technology Services
DE,Industrials,Farm & Heavy Construction Machinery
EFX,Industrials,Consulting Services
FSLR,Technology,Solar
FCX,Basic Materials,Copper
GMAB,Healthcare,Biotechnology
HLN,Healthcare,Drug Manufacturers—Specialty & Generic
HCA,Healthcare,Medical Care Facilities
HLIO,Industrials,Specialty Industrial Machinery
HMN,Financial Services,Insurance—Property & Casualty
IFNNY,Technology,Semiconductors
KUBTY,Industrials,Farm & Heavy Construction Machinery
LAD,Consumer Cyclical,Auto & Truck Dealerships
MCK,Healthcare,Medical Distribution
MELI,Consumer Cyclical,Internet Retail
META,Communication Services,Internet Content & Information
PTEN,Energy,Oil & Gas Drilling
REGN,Healthcare,Biotechnology
SAP,Technology,Software—Application
SRPT,Healthcare,Biotechnology
SPOT,Communication Services,Internet Content & Information
SPXC,Industrials,Specialty Industrial Machinery
SBUX,Consumer Cyclical,Restaurants
AZN,Healthcare,Drug Manufacturers—General
ADP,Industrials,Staffing & Employment Services
CMG,Consumer Cyclical,Restaurants
COP,Energy,Oil & Gas E&P
NFLX,Communication Services,Entertainment
DOW,Basic Materials,Chemicals
ARCC,Financial Services,Asset Management
KD,Technology,Information Technology Services
FSEN,Financial Services,Asset Management
INRE,Real Estate,REIT—Diversified
CCL,Consumer Cyclical,Travel Services
CLF,Basic Materials,Steel
WBA,Healthcare,Pharmaceutical Retailers
VZ,Communication Services,Telecom Services
UAA,Consumer Cyclical,Apparel Manufacturing
MMM,Industrials,Conglomerates
PFE,Healthcare,Drug Manufacturers—General
KEY,Financial Services,Banks—Regional
FGBI,Financial Services,Banks—Regional
HUMA,Healthcare,Biotechnology
PG,Consumer Defensive,Household & Personal Products
ACN,Technology,Information Technology Services
MA,Financial Services,Credit Services
PDM,Real Estate,REIT—Office
TJX,Consumer Cyclical,Apparel Retail
BATRA,Communication Services,Entertainment
GE,Industrials,Specialty Industrial Machinery
GT,Consumer Cyclical,Auto Parts
AMKBY,Industrials,Marine Shipping
AAVMY,Financial Services,Banks—Diversified
AHEXY,Industrials,Staffing & Employment Services
ADDYY,Consumer Cyclical,Footwear & Accessories
AAP,Consumer Cyclical,Specialty Retail
ATEYY,Technology,Semiconductor Equipment & Materials
AEG,Financial Services,Insurance—Diversified
ANYYY,Industrials,Airports & Air Services
AONNY,Consumer Cyclical,Department Stores
ADC,Real Estate,REIT—Retail
EADSY,Industrials,Aerospace & Defense
AJINY,Consumer Defensive,Packaged Foods
AKZOY,Basic Materials,Specialty Chemicals
ALC,Healthcare,Medical Instruments & Supplies
ALEX,Real Estate,REIT—Retail
ARE,Real Estate,REIT—Office
ALFVY,Industrials,Specialty Industrial Machinery
ALLE,Industrials,Security & Protection Services
ALIZY,Financial Services,Insurance—Diversified
AYX,Technology,Software—Application
ATUS,Communication Services,Telecom Services
MO,Consumer Defensive,Tobacco
AMADY,Consumer Cyclical,Travel Services
AMCX,Communication Services,Entertainment
AMCR,Consumer Cyclical,Packaging & Containers
AMT,Real Estate,REIT—Specialty
NGLOY,Basic Materials,Other Industrial Metals & Mining
BUD,Consumer Defensive,Beverages—Brewers
AON,Financial Services,Insurance Brokers
APTV,Consumer Cyclical,Auto Parts
ADM,Consumer Defensive,Farm Products
ARGX,Healthcare,Biotechnology
ANET,Technology,Computer Hardware
ARKAY,Basic Materials,Specialty Chemicals
AHKSY,Basic Materials,Chemicals
ASHTY,Industrials,Rental & Leasing Services
ASAZY,Industrials,Security & Protection Services
ALPMY,Healthcare,Drug Manufacturers—General
TEAM,Technology,Software—Application
AVB,Real Estate,REIT—Residential
AVTR,Basic Materials,Specialty Chemicals
AVVIY,Financial Services,Insurance—Diversified
AXAHY,Financial Services,Insurance—Diversified
BMRRY,Consumer Defensive,Discount Stores
BAESY,Industrials,Aerospace & Defense
BBVA,Financial Services,Banks—Diversified
SAN,Financial Services,Banks—Diversified
BCS,Financial Services,Banks—Diversified
BAYRY,Healthcare,Drug Manufacturers—General
BDRFY,Consumer Defensive,Household & Personal Products
BGNE,Healthcare,Biotechnology
BELFB,Technology,Electronic Components
BNPQY,Financial Services,Banks—Regional
BDNNY,Basic Materials,Other Industrial Metals & Mining
BXP,Real Estate,REIT—Office
BXBLY,Industrials,Specialty Business Services
BNTGY,Basic Materials,Specialty Chemicals
BRDCY,Consumer Cyclical,Auto Parts
BMY,Healthcare,Drug Manufacturers—General
BTI,Consumer Defensive,Tobacco
BTLCY,Real Estate,REIT—Diversified
BEPC,Utilities,Utilities—Renewable
BURBY,Consumer Cyclical,Luxury Goods
BVVBY,Industrials,Consulting Services
CADE,Financial Services,Banks—Regional
CGEMY,Technology,Information Technology Services
CCOEY,Communication Services,Electronic Gaming & Multimedia
CTRE,Real Estate,REIT—Healthcare Facilities
CZMWY,Healthcare,Medical Instruments & Supplies
CLLNY,Real Estate,Real Estate Services
CNC,Healthcare,Healthcare Plans
CJPRY,Industrials,Railroads
CHX,Energy,Oil & Gas Equipment & Services
CHPT,Consumer Cyclical,Specialty Retail
CB,Financial Services,Insurance—Property & Casualty
CHGCY,Healthcare,Drug Manufacturers—General
CIEN,Technology,Communication Equipment
CFG,Financial Services,Banks—Regional
CLVT,Technology,Information Technology Services
KO,Consumer Defensive,Beverages—Non-Alcoholic
CHEOY,Healthcare,Medical Devices
COIN,Financial Services,Financial Data & Stock Exchanges
CLPBY,Healthcare,Medical Instruments & Supplies
CRZBY,Financial Services,Banks—Regional
CMWAY,Financial Services,Banks—Diversified
CBU,Financial Services,Banks—Regional
CODYY,Industrials,Building Products & Equipment
CMPGY,Consumer Cyclical,Restaurants
CMSQY,Financial Services,Capital Markets
CAG,Consumer Defensive,Packaged Foods
CRARY,Financial Services,Banks—Regional
CRH,Basic Materials,Building Materials
CCI,Real Estate,REIT—Specialty
CSLLY,Healthcare,Biotechnology
CUBE,Real Estate,REIT—Industrial
DNPLY,Industrials,Specialty Business Services
DFKCY,Industrials,Specialty Industrial Machinery
DLICY,Financial Services,Insurance—Life
DSNKY,Healthcare,Drug Manufacturers—General
DKILY,Industrials,Building Products & Equipment
DTRUY,Industrials,Farm & Heavy Construction Machinery
DWAHY,Real Estate,Real Estate—Development
DANOY,Consumer Defensive,Packaged Foods
DAR,Consumer Defensive,Packaged Foods
DASTY,Technology,Software—Application
DBSDY,Financial Services,Banks—Regional
DNZOY,Consumer Cyclical,Auto Parts
DNTUY,Communication Services,Advertising Agencies
DB,Financial Services,Banks—Regional
DBOEY,Financial Services,Financial Data & Stock Exchanges
DTEGY,Communication Services,Telecom Services
DEO,Consumer Defensive,Beverages—Wineries & Distilleries
DRH,Real Estate,REIT—Hotel & Motel
DSCSY,Technology,Semiconductor Equipment & Materials
DISH,Communication Services,Telecom Services
DNBBY,Financial Services,Banks—Regional
DG,Consumer Defensive,Discount Stores
DLTR,Consumer Defensive,Discount Stores
DQJCY,Consumer Defensive,Discount Stores
DRPRY,,
DSDVY,Industrials,Integrated Freight & Logistics
EIX,Utilities,Utilities—Regulated Electric
ENTA,Healthcare,Biotechnology
ENLAY,Utilities,Utilities—Diversified
EDPFY,Utilities,Utilities—Diversified
ENGIY,Utilities,Utilities—Diversified
EPAM,Technology,Information Technology Services
EPOKY,Industrials,Farm & Heavy Construction Machinery
EPR,Real Estate,REIT—Specialty
EQIX,Real Estate,REIT—Specialty
EQR,Real Estate,REIT—Residential
ERIC,Technology,Communication Equipment
EBKDY,Financial Services,Banks—Regional
EPRT,Real Estate,REIT—Diversified
ESS,Real Estate,REIT—Residential
ESLOY,Healthcare,Medical Instruments & Supplies
EVBG,Technology,Software—Application
ES,Utilities,Utilities—Regulated Electric
EXC,Utilities,Utilities—Regulated Electric
EXR,Real Estate,REIT—Industrial
FN,Technology,Electronic Components
FANUY,Industrials,Specialty Industrial Machinery
FRCOY,Consumer Cyclical,Apparel Retail
FERG,Industrials,Industrial Distribution
RACE,Consumer Cyclical,Auto Manufacturers
FIS,Technology,Information Technology Services
FBP,Financial Services,Banks—Regional
FNF,Financial Services,Insurance—Specialty
F,Consumer Cyclical,Auto Manufacturers
FSUGY,Basic Materials,Other Industrial Metals & Mining
FCPT,Real Estate,REIT—Retail
FMS,Healthcare,Medical Care Facilities
FUJIY,Industrials,Conglomerates
FJTSY,Technology,Information Technology Services
GASNY,Utilities,Utilities—Regulated Gas
GBERY,Industrials,Building Products & Equipment
GNGBY,Healthcare,Medical Devices
GTY,Real Estate,REIT—Retail
GILD,Healthcare,Drug Manufacturers—General
GVDNY,Basic Materials,Specialty Chemicals
GSK,Healthcare,Drug Manufacturers—General
HAL,Energy,Oil & Gas Equipment & Services
HALO,Healthcare,Biotechnology
HVRRY,Financial Services,Insurance—Reinsurance
HDB,Financial Services,Banks—Regional
PEAK,Real Estate,REIT—Healthcare Facilities
HEI,Industrials,Aerospace & Defense
HDELY,Basic Materials,Building Materials
HEINY,Consumer Defensive,Beverages—Brewers
HENOY,Consumer Defensive,Household & Personal Products
HESAY,Consumer Cyclical,Luxury Goods
HXGBY,Technology,Scientific & Technical Instruments
HTHIY,Industrials,Conglomerates
HCMLY,Basic Materials,Building Materials
HMC,Consumer Cyclical,Auto Manufacturers
HKXCY,Financial Services,Financial Data & Stock Exchanges
HST,Real Estate,REIT—Hotel & Motel
HOCPY,Healthcare,Medical Instruments & Supplies
HSBC,Financial Services,Banks—Diversified
HSQVY,Industrials,Tools & Accessories
IBDRY,Utilities,Utilities—Diversified
ICHR,Technology,Semiconductor Equipment & Materials
ICL,Basic Materials,Agricultural Inputs
IMBBY,Consumer Defensive,Tobacco
IRT,Real Estate,REIT—Residential
IDEXY,Consumer Cyclical,Apparel Retail
IFJPY,Communication Services,Publishing
ING,Financial Services,Banks—Diversified
IIPR,Real Estate,REIT—Industrial
PODD,Healthcare,Medical Devices
IHG,Consumer Cyclical,Lodging
ISNPY,Financial Services,Banks—Regional
INVH,Real Estate,REIT—Residential
IRM,Real Estate,REIT—Specialty
ISUZY,Consumer Cyclical,Auto Manufacturers
ITTOY,Technology,Information Technology Services
JSAIY,Consumer Defensive,Grocery Stores
JHX,Basic Materials,Building Materials
JAPAY,Consumer Defensive,Tobacco
JAZZ,Healthcare,Biotechnology
JBGS,Real Estate,REIT—Office
JRONY,Consumer Defensive,Food Distribution
JTKWY,Consumer Cyclical,Internet Retail
KBCSY,Financial Services,Banks—Regional
KDDIY,Communication Services,Telecom Services
PPRUY,Consumer Cyclical,Luxury Goods
KRYAY,Consumer Defensive,Packaged Foods
KDP,Consumer Defensive,Beverages—Non-Alcoholic
KRC,Real Estate,REIT—Office
KIM,Real Estate,REIT—Retail
KGFHY,Consumer Cyclical,Home Improvement Retail
KGSPY,Industrials,Building Products & Equipment
KNBWY,Consumer Defensive,Beverages—Brewers
KRG,Real Estate,REIT—Retail
KNRRY,Consumer Cyclical,Auto Parts
KMTUY,Industrials,Farm & Heavy Construction Machinery
ADRNY,Consumer Defensive,Grocery Stores
PHG,Healthcare,Medical Devices
KSRYY,Consumer Defensive,Household & Personal Products
KR,Consumer Defensive,Grocery Stores
KHNGY,Industrials,Integrated Freight & Logistics
KLIC,Technology,Semiconductor Equipment & Materials
LHX,Industrials,Aerospace & Defense
AIQUY,Basic Materials,Specialty Chemicals
LSRCY,Technology,Semiconductor Equipment & Materials
LGRDY,Industrials,Electrical Equipment & Parts
JSGRY,Industrials,Building Products & Equipment
LYG,Financial Services,Banks—Regional
LMT,Industrials,Aerospace & Defense
LOGI,Technology,Computer Hardware
LZAGY,Healthcare,Diagnostics & Research
LRLCY,Consumer Defensive,Household & Personal Products
LCID,Consumer Cyclical,Auto Manufacturers
LUMN,Communication Services,Telecom Services
LVMHF,Consumer Cyclical,Luxury Goods
MTB,Financial Services,Banks—Regional
MTHRY,Healthcare,Health Information Services
MQBKY,Financial Services,Capital Markets
MKTAY,Industrials,Tools & Accessories
MKTX,Financial Services,Capital Markets
MZDAY,Consumer Cyclical,Auto Manufacturers
MDIBY,Financial Services,Banks—Regional
MBGYY,Consumer Cyclical,Auto Manufacturers
MKKGY,Healthcare,Drug Manufacturers—Specialty & Generic
MAA,Real Estate,REIT—Residential
MSSMY,Industrials,Tools & Accessories
MIELY,Industrials,Electrical Equipment & Parts
MUFG,Financial Services,Banks—Diversified
MTSFY,Real Estate,Real Estate—Diversified
MSLOY,Industrials,Marine Shipping
MFG,Financial Services,Banks—Regional
MRNA,Healthcare,Biotechnology
MOH,Healthcare,Healthcare Plans
MOS,Basic Materials,Agricultural Inputs
MHGVY,Consumer Defensive,Farm Products
MSADY,Financial Services,Insurance—Property & Casualty
MTUAY,Industrials,Aerospace & Defense
MURGY,Financial Services,Insurance—Reinsurance
MRAAY,Technology,Electronic Components
NCBDY,Consumer Cyclical,Leisure
NABZY,Financial Services,Banks—Diversified
NFG,Energy,Oil & Gas Integrated
NGG,Utilities,Utilities—Regulated Electric
NSA,Real Estate,REIT—Industrial
NWG,Financial Services,Banks—Regional
NSRGY,Consumer Defensive,Packaged Foods
NTES,Communication Services,Electronic Gaming & Multimedia
NCMGY,Basic Materials,Gold
NEXOY,Communication Services,Electronic Gaming & Multimedia
NXRT,Real Estate,REIT—Residential
NICE,Technology,Software—Application
NJDCY,Industrials,Specialty Industrial Machinery
NINOY,Consumer Cyclical,Leisure
NTDOY,Communication Services,Electronic Gaming & Multimedia
NTTYY,Communication Services,Telecom Services
NSANY,Consumer Cyclical,Auto Manufacturers
NDEKY,Basic Materials,Specialty Chemicals
NNGRY,Financial Services,Insurance—Diversified
NOK,Technology,Communication Equipment
NMR,Financial Services,Capital Markets
NRILY,Technology,Information Technology Services
NRDBY,Financial Services,Banks—Regional
NOC,Industrials,Aerospace & Defense
NVS,Healthcare,Drug Manufacturers—General
NVO,Healthcare,Biotechnology
OCDDY,Consumer Defensive,Grocery Stores
OLPX,Consumer Cyclical,Specialty Retail
OLYMY,Healthcare,Medical Instruments & Supplies
OMRNY,Technology,Electronic Components
OGS,Utilities,Utilities—Regulated Gas
OPHLY,Healthcare,Drug Manufacturers—General
OLCLY,Consumer Cyclical,Leisure
DNNGY,Utilities,Utilities—Renewable
OTSKY,Healthcare,Drug Manufacturers—General
OVCHY,Financial Services,Banks—Regional
PD,Technology,Software—Application
PANDY,Consumer Cyclical,Luxury Goods
PARA,Communication Services,Entertainment
PK,Real Estate,REIT—Hotel & Motel
PYPL,Financial Services,Credit Services
PEB,Real Estate,REIT—Hotel & Motel
PECO,Real Estate,REIT—Retail
PHIN,Consumer Cyclical,Auto Parts
PLTK,Communication Services,Electronic Gaming & Multimedia
PGR,Financial Services,Insurance—Property & Casualty
PROSY,Communication Services,Internet Content & Information
PUK,Financial Services,Insurance—Life
PRYMY,Industrials,Electrical Equipment & Parts
PSA,Real Estate,REIT—Industrial
PUBGY,Communication Services,Advertising Agencies
QABSY,Industrials,Airlines
QBIEY,Financial Services,Insurance—Property & Casualty
QS,Consumer Cyclical,Auto Parts
QDEL,Healthcare,Medical Devices
RANJY,Industrials,Staffing & Employment Services
RBA,Industrials,Specialty Business Services
RWT,Real Estate,REIT—Mortgage
RLAY,Healthcare,Biotechnology
RELX,Industrials,Specialty Business Services
RTO,Industrials,Specialty Business Services
ROIC,Real Estate,REIT—Retail
RNMBY,Industrials,Aerospace & Defense
RIO,Basic Materials,Other Industrial Metals & Mining
RLJ,Real Estate,REIT—Hotel & Motel
RHHBY,Healthcare,Drug Manufacturers—General
KKPNY,Communication Services,Telecom Services
RPT,Real Estate,REIT—Retail
RTX,Industrials,Aerospace & Defense
SAFRY,Industrials,Aerospace & Defense
SALRY,Consumer Defensive,Farm Products
SAXPY,Financial Services,Insurance—Diversified
IOT,Technology,Software—Infrastructure
SDVKY,Industrials,Specialty Industrial Machinery
SNY,Healthcare,Drug Manufacturers—General
SOAGY,Healthcare,Medical Instruments & Supplies
BFS,Real Estate,REIT—Retail
SBAC,Real Estate,REIT—Specialty
SBGSY,Industrials,Specialty Industrial Machinery
SE,Consumer Cyclical,Internet Retail
STX,Technology,Computer Hardware
SKLTY,Communication Services,Internet Content & Information
SKHSY,Consumer Cyclical,Residential Construction
SVNDY,Consumer Defensive,Grocery Stores
SGSOY,Industrials,Consulting Services
SMNNY,Consumer Cyclical,Leisure
SHECY,Basic Materials,Chemicals
SGIOY,Healthcare,Drug Manufacturers—Specialty & Generic
SSDOY,Consumer Defensive,Household & Personal Products
SIEGY,Industrials,Specialty Industrial Machinery
SMNEY,Industrials,Specialty Industrial Machinery
SMMNY,Healthcare,Medical Devices
SXYAY,Basic Materials,Specialty Chemicals
SBGI,Communication Services,Entertainment
SINGY,Industrials,Airlines
SPXCY,Financial Services,Financial Data & Stock Exchanges
SKFRY,Industrials,Tools & Accessories
SLG,Real Estate,REIT—Office
SGH,Technology,Semiconductors
SMCAY,Industrials,Specialty Industrial Machinery
SNN,Healthcare,Medical Devices
SMFKY,Consumer Cyclical,Packaging & Containers
SCGLY,Financial Services,Banks—Regional
SOBKY,Communication Services,Telecom Services
SFTBY,Communication Services,Telecom Services
SKHHY,Healthcare,Diagnostics & Research
SONVY,Healthcare,Medical Devices
SONY,Technology,Consumer Electronics
SPKKY,Communication Services,Telecom Services
SR,Utilities,Utilities—Regulated Gas
SSEZY,Utilities,Utilities—Diversified
STT,Financial Services,Asset Management
STLA,Consumer Cyclical,Auto Manufacturers
STM,Technology,Semiconductors
SOMMY,Basic Materials,Chemicals
SMTOY,Consumer Cyclical,Auto Parts
SMFG,Financial Services,Banks—Diversified
SUTNY,Financial Services,Banks—Regional
INN,Real Estate,REIT—Hotel & Motel
SUHJY,Real Estate,Real Estate—Development
SHO,Real Estate,REIT—Hotel & Motel
STBFY,Consumer Defensive,Beverages—Brewers
SZKMY,Consumer Cyclical,Auto Manufacturers
SVNLY,Financial Services,Banks—Diversified
SWDBY,Financial Services,Banks—Regional
SWRAY,Industrials,Conglomerates
SSREY,Financial Services,Insurance—Reinsurance
SCMWY,Communication Services,Telecom Services
SYIEY,Basic Materials,Specialty Chemicals
SYY,Consumer Defensive,Food Distribution
SSMXY,Healthcare,Medical Instruments & Supplies
TSM,Technology,Semiconductors
TAK,Healthcare,Drug Manufacturers—Specialty & Generic
TNDM,Healthcare,Medical Devices
SKT,Real Estate,REIT—Retail
TTDKY,Technology,Electronic Components
TEL,Technology,Electronic Components
TTNDY,Industrials,Tools & Accessories
TFX,Healthcare,Medical Instruments & Supplies
TEF,Communication Services,Telecom Services
TELNY,Communication Services,Telecom Services
TLPFY,Industrials,Specialty Business Services
TMSNY,Technology,Software—Application
TCEHY,Communication Services,Internet Content & Information
TEZNY,Utilities,Utilities—Regulated Electric
TRUMY,Healthcare,Medical Instruments & Supplies
KHC,Consumer Defensive,Packaged Foods
TMO,Healthcare,Diagnostics & Research
THO,Consumer Cyclical,Recreational Vehicles
TKAMY,Industrials,Metal Fabrication
TMUS,Communication Services,Telecom Services
TKOMY,Financial Services,Insurance—Property & Casualty
TOELY,Technology,Semiconductor Equipment & Materials
TRYIY,Consumer Cyclical,Textile Manufacturing
TOTDY,Industrials,Building Products & Equipment
TM,Consumer Cyclical,Auto Manufacturers
TT,Industrials,Building Products & Equipment
TMICY,Technology,Software—Infrastructure
TRIP,Consumer Cyclical,Travel Services
TFC,Financial Services,Banks—Regional
TSN,Consumer Defensive,Farm Products
USB,Financial Services,Banks—Regional
UBS,Financial Services,Banks—Diversified
UCBJY,Healthcare,Biotechnology
UDR,Real Estate,REIT—Residential
UMICY,Industrials,Pollution & Treatment Controls
UL,Consumer Defensive,Household & Personal Products
UOVEY,Financial Services,Banks—Regional
UPS,Industrials,Integrated Freight & Logistics
URI,Industrials,Rental & Leasing Services
UUGRY,Utilities,Utilities—Regulated Water
UNH,Healthcare,Healthcare Plans
UPMMY,Basic Materials,Paper & Paper Products
UE,Real Estate,REIT—Retail
UBA,Real Estate,REIT—Retail
VACNY,Industrials,Specialty Industrial Machinery
VTR,Real Estate,REIT—Healthcare Facilities
VEOEY,Industrials,Waste Management
VCISY,Industrials,Engineering & Construction
VOD,Communication Services,Telecom Services
VWAGY,Consumer Cyclical,Auto Manufacturers
WELL,Real Estate,REIT—Healthcare Facilities
WJRYY,Industrials,Railroads
WPM,Basic Materials,Gold
WRDLY,Technology,Software—Infrastructure
WPP,Communication Services,Advertising Agencies
YAMHY,,
YARIY,Basic Materials,Agricultural Inputs
YASKY,Industrials,Electrical Equipment & Parts
YUMC,Consumer Cyclical,Restaurants
ZLNDY,Consumer Cyclical,Internet Retail
ZTS,Healthcare,Drug Manufacturers—Specialty & Generic
ZURVY,Financial Services,Insurance—Diversified
ALB,Basic Materials,Specialty Chemicals
AMGN,Healthcare,Drug Manufacturers—General
CHD,Consumer Defensive,Household & Personal Products
KMB,Consumer Defensive,Household & Personal Products
SSB,Financial Services,Banks—Regional
DIS,Communication Services,Entertainment
WM,Industrials,Waste Management
SNV,Financial Services,Banks—Regional
LIN,Basic Materials,Specialty Chemicals
ADSK,Technology,Software—Application
VRSK,Industrials,Consulting Services
ISRG,Healthcare,Medical Instruments & Supplies
DFS,Financial Services,Credit Services
WFC,Financial Services,Banks—Diversified
SRE,Utilities,Utilities—Diversified
ODFL,Industrials,Trucking
MRVL,Technology,Semiconductors
DHR,Healthcare,Diagnostics & Research
BAX,Healthcare,Medical Instruments & Supplies
URBN,Consumer Cyclical,Apparel Retail
AXTA,Basic Materials,Specialty Chemicals
BK,Financial Services,Asset Management
INTU,Technology,Software—Application
AZO,Consumer Cyclical,Specialty Retail
PWR,Industrials,Engineering & Construction
BLK,Financial Services,Asset Management
EL,Consumer Defensive,Household & Personal Products
AMP,Financial Services,Asset Management
COST,Consumer Defensive,Discount Stores
ILMN,Healthcare,Diagnostics & Research
QCOM,Technology,Semiconductors
CTAS,Industrials,Specialty Business Services
CBRE,Real Estate,Real Estate Services
GPC,Consumer Cyclical,Specialty Retail
NEM,Basic Materials,Gold
ENPH,Technology,Solar
ULTA,Consumer Cyclical,Specialty Retail
CPRT,Industrials,Specialty Business Services
APH,Technology,Electronic Components
VICI,Real Estate,REIT—Diversified
GRMN,Technology,Scientific & Technical Instruments
SPGI,Financial Services,Financial Data & Stock Exchanges
CHTR,Communication Services,Telecom Services
ALGN,Healthcare,Medical Devices
C,Financial Services,Banks—Diversified
BAC,Financial Services,Banks—Diversified
FTNT,Technology,Software—Infrastructure
GM,Consumer Cyclical,Auto Manufacturers
HD,Consumer Cyclical,Home Improvement Retail
DHI,Consumer Cyclical,Residential Construction
HSY,Consumer Defensive,Confectioners
CARR,Industrials,Building Products & Equipment
EW,Healthcare,Medical Devices
NKE,Consumer Cyclical,Footwear & Accessories
OGN,Healthcare,Drug Manufacturers—General
CLX,Consumer Defensive,Household & Personal Products
PANW,Technology,Software—Infrastructure
CTVA,Basic Materials,Agricultural Inputs
LW,Consumer Defensive,Packaged Foods
HOLX,Healthcare,Medical Instruments & Supplies
GEHC,Healthcare,Health Information Services
MNST,Consumer Defensive,Beverages—Non-Alcoholic
MGM,Consumer Cyclical,Resorts & Casinos
WDAY,Technology,Software—Application
CDAY,Technology,Software—Application
MHK,Consumer Cyclical,"Furnishings, Fixtures & Appliances"
ST,Technology,Scientific & Technical Instruments
ELAN,Healthcare,Drug Manufacturers—Specialty & Generic
AXP,Financial Services,Credit Services
EBAY,Consumer Cyclical,Internet Retail
NDAQ,Financial Services,Financial Data & Stock Exchanges
BSX,Healthcare,Medical Devices
DELL,Technology,Computer Hardware
FOXA,Communication Services,Entertainment
BNS,Financial Services,Banks—Diversified
TD,Financial Services,Banks—Diversified
ET,Energy,Oil & Gas Midstream
NGL,Energy,Oil & Gas Midstream
BX,Financial Services,Asset Management
PSX,Energy,Oil & Gas Refining & Marketing
CI,Healthcare,Healthcare Plans
ELV,Healthcare,Healthcare Plans
AMAT,Technology,Semiconductor Equipment & Materials
LRCX,Technology,Semiconductor Equipment & Materials
SHW,Basic Materials,Specialty Chemicals
HOOD,Technology,Software—Infrastructure
FMAO,Financial Services,Banks—Regional
CMCSA,Communication Services,Telecom Services
ICE,Financial Services,Financial Data & Stock Exchanges
EA,Communication Services,Electronic Gaming & Multimedia
BIO,Healthcare,Medical Devices
BWXT,Industrials,Aerospace & Defense
DUK,Utilities,Utilities—Regulated Electric
DD,Basic Materials,Specialty Chemicals
ETN,Industrials,Specialty Industrial Machinery
HUBB,Industrials,Electrical Equipment & Parts
LKQ,Consumer Cyclical,Auto Parts
MAR,Consumer Cyclical,Lodging
NSC,Industrials,Railroads
NXPI,Technology,Semiconductors
WRB,Financial Services,Insurance—Property & Casualty
WSO,Industrials,Industrial Distribution
FDX,Industrials,Integrated Freight & Logistics
BUI,Financial Services,Asset Management
CRM,Technology,Software—Application
SYK,Healthcare,Medical Devices
MLM,Basic Materials,Building Materials
FFIV,Technology,Software—Infrastructure
ADBE,Technology,Software—Infrastructure
RPM,Basic Materials,Specialty Chemicals
FTV,Technology,Scientific & Technical Instruments
IR,Industrials,Specialty Industrial Machinery
SHEL,Energy,Oil & Gas Integrated
BJ,Consumer Defensive,Discount Stores
NSIT,Technology,Electronics & Computer Distribution
NPSNY,Communication Services,Internet Content & Information
BURL,Consumer Cyclical,Apparel Retail
OSK,Industrials,Farm & Heavy Construction Machinery
PRGO,Healthcare,Drug Manufacturers—Specialty & Generic
COF,Financial Services,Credit Services
CC,Basic Materials,Specialty Chemicals
ADI,Technology,Semiconductors
MSI,Technology,Communication Equipment
PAYX,Industrials,Staffing & Employment Services
PNC,Financial Services,Banks—Regional
X,Basic Materials,Steel
DVA,Healthcare,Medical Care Facilities
FITB,Financial Services,Banks—Regional
SWKS,Technology,Semiconductors
ARGO,Financial Services,Insurance—Property & Casualty
DVN,Energy,Oil & Gas E&P
EMR,Industrials,Specialty Industrial Machinery
PXD,Energy,Oil & Gas E&P
ROK,Industrials,Specialty Industrial Machinery
WMB,Energy,Oil & Gas Midstream
BROS,Consumer Cyclical,Restaurants
AE,Energy,Oil & Gas Refining & Marketing
MPWR,Technology,Semiconductors
CM,Financial Services,Banks—Diversified
RY,Financial Services,Banks—Diversified
ENB,Energy,Oil & Gas Midstream
VOYA,Financial Services,Financial Conglomerates
PRU,Financial Services,Insurance—Life
CNP,Utilities,Utilities—Regulated Electric
MET,Financial Services,Insurance—Life
EMRAF,Utilities,Utilities—Regulated Electric
MKL,Financial Services,Insurance—Property & Casualty
HBAN,Financial Services,Banks—Regional
CMS,Utilities,Utilities—Regulated Electric
RF,Financial Services,Banks—Regional
HIG,Financial Services,Insurance—Diversified
CSCO,Technology,Communication Equipment
SO,Utilities,Utilities—Regulated Electric
ALLY,Financial Services,Credit Services
LH,Healthcare,Diagnostics & Research
LLY,Healthcare,Drug Manufacturers—General
CVS,Healthcare,Healthcare Plans
MDLZ,Consumer Defensive,Confectioners
HUM,Healthcare,Healthcare Plans
GIS,Consumer Defensive,Packaged Foods
CL,Consumer Defensive,Household & Personal Products
MMC,Financial Services,Insurance Brokers
A,Healthcare,Diagnostics & Research
CDNS,Technology,Software—Application
RSG,Industrials,Waste Management
RMD,Healthcare,Medical Instruments & Supplies
ATVI,Communication Services,Electronic Gaming & Multimedia
CME,Financial Services,Financial Data & Stock Exchanges
ABT,Healthcare,Medical Devices
NOW,Technology,Software—Application
INCY,Healthcare,Biotechnology
TTWO,Communication Services,Electronic Gaming & Multimedia
IBM,Technology,Information Technology Services
ANSS,Technology,Software—Application
SNPS,Technology,Software—Infrastructure
ETSY,Consumer Cyclical,Internet Retail
NWSA,Communication Services,Entertainment
MU,Technology,Semiconductors
MTD,Healthcare,Diagnostics & Research
RVTY,Healthcare,Diagnostics & Research
K,Consumer Defensive,Packaged Foods
TROW,Financial Services,Asset Management
BKNG,Consumer Cyclical,Travel Services
WAT,Healthcare,Diagnostics & Research
HAS,Consumer Cyclical,Leisure
WRK,Consumer Cyclical,Packaging & Containers
TECH,Healthcare,Biotechnology
TDOC,Healthcare,Health Information Services
YNDX,Communication Services,Internet Content & Information
UNP,Industrials,Railroads
BDX,Healthcare,Medical Instruments & Supplies
ROP,Technology,Software—Application
TRV,Financial Services,Insurance—Property & Casualty
APD,Basic Materials,Specialty Chemicals
PM,Consumer Defensive,Tobacco
HRL,Consumer Defensive,Packaged Foods
DGX,Healthcare,Diagnostics & Research
KEYS,Technology,Scientific & Technical Instruments
HSIC,Healthcare,Medical Distribution
CINF,Financial Services,Insurance—Property & Casualty
CPB,Consumer Defensive,Packaged Foods
GLW,Technology,Electronic Components
L,Financial Services,Insurance—Property & Casualty
ROL,Consumer Cyclical,Personal Services
DXC,Technology,Information Technology Services
ABC,Healthcare,Medical Distribution
GEN,Technology,Software—Infrastructure
CAH,Healthcare,Medical Distribution
VRTX,Healthcare,Biotechnology
AJG,Financial Services,Insurance Brokers
BWA,Consumer Cyclical,Auto Parts
HLT,Consumer Cyclical,Lodging
IT,Technology,Information Technology Services
MCO,Financial Services,Financial Data & Stock Exchanges
TDY,Technology,Scientific & Technical Instruments
ARES,Financial Services,Asset Management
XYL,Industrials,Specialty Industrial Machinery
DEI,Real Estate,REIT—Office
COTY,Consumer Defensive,Household & Personal Products
GPK,Consumer Cyclical,Packaging & Containers
DKS,Consumer Cyclical,Specialty Retail
TPX,Consumer Cyclical,"Furnishings, Fixtures & Appliances"
WCN,Industrials,Waste Management
AL,Industrials,Rental & Leasing Services
XEL,Utilities,Utilities—Regulated Electric
NTR,Basic Materials,Agricultural Inputs
GPN,Industrials,Specialty Business Services
AVGO,Technology,Semiconductors
HPQ,Technology,Computer Hardware
MPLX,Energy,Oil & Gas Midstream
AN,Consumer Cyclical,Auto & Truck Dealerships
BMO,Financial Services,Banks—Diversified
INTC,Technology,Semiconductors
NTRS,Financial Services,Asset Management
EVRG,Utilities,Utilities—Regulated Electric
BCE,Communication Services,Telecom Services
MPC,Energy,Oil & Gas Refining & Marketing
AIG,Financial Services,Insurance—Diversified
BAP,Financial Services,Banks—Regional
HUBS,Technology,Software—Application
IART,Healthcare,Medical Devices
SGEN,Healthcare,Biotechnology
SHOP,Technology,Software—Application
PPG,Basic Materials,Specialty Chemicals
VGR,Consumer Defensive,Tobacco
BIDU,Communication Services,Internet Content & Information
BAH,Industrials,Consulting Services
NTLA,Healthcare,Biotechnology
LULU,Consumer Cyclical,Apparel Retail
FHN,Financial Services,Banks—Regional
GL,Financial Services,Insurance—Life
JCI,Industrials,Building Products & Equipment
CTS,Technology,Electronic Components
CSL,Industrials,Building Products & Equipment
G,Technology,Information Technology Services
RHI,Industrials,Staffing & Employment Services
DCI,Industrials,Specialty Industrial Machinery
SKX,Consumer Cyclical,Footwear & Accessories
NVT,Industrials,Electrical Equipment & Parts
IPG,Communication Services,Advertising Agencies
WWD,Industrials,Aerospace & Defense
NBIX,Healthcare,Drug Manufacturers—Specialty & Generic
FLT,Technology,Software—Infrastructure
V,Financial Services,Credit Services
MAN,Industrials,Staffing & Employment Services
GS,Financial Services,Capital Markets
EVVTY,Consumer Cyclical,Gambling
MLKN,Consumer Cyclical,"Furnishings, Fixtures & Appliances"
CNHI,Industrials,Farm & Heavy Construction Machinery
MUR,Energy,Oil & Gas E&P
TPR,Consumer Cyclical,Luxury Goods
LVS,Consumer Cyclical,Resorts & Casinos
EQH,Financial Services,Insurance—Diversified
UTHR,Healthcare,Biotechnology
PTON,Consumer Cyclical,Leisure
OXY,Energy,Oil & Gas E&P
GOLD,Basic Materials,Gold
NU,Financial Services,Banks—Diversified
SIRI,Communication Services,Entertainment
OLO,Technology,Software—Application
LNG,Energy,Oil & Gas Midstream
OKE,Energy,Oil & Gas Midstream
CMA,Financial Services,Banks—Regional
KKR,Financial Services,Asset Management
PH,Industrials,Specialty Industrial Machinery
LEA,Consumer Cyclical,Auto Parts
NVR,Consumer Cyclical,Residential Construction
WY,Real Estate,REIT—Specialty
KLAC,Technology,Semiconductor Equipment & Materials
RPRX,Healthcare,Biotechnology
IQV,Healthcare,Diagnostics & Research
RJF,Financial Services,Capital Markets
MAS,Industrials,Building Products & Equipment
CRL,Healthcare,Diagnostics & Research
CSGP,Real Estate,Real Estate Services
MCHP,Technology,Semiconductors
STZ,Consumer Defensive,Beverages—Wineries & Distilleries
CE,Basic Materials,Chemicals
PAYC,Technology,Software—Application
DLR,Real Estate,REIT—Specialty
IDXX,Healthcare,Diagnostics & Research
OTIS,Industrials,Specialty Industrial Machinery
CSX,Industrials,Railroads
LYV,Communication Services,Entertainment
AAL,Industrials,Airlines
IVZ,Financial Services,Asset Management
CF,Basic Materials,Agricultural Inputs
STE,Healthcare,Medical Devices
SYF,Financial Services,Credit Services
DAL,Industrials,Airlines
UAL,Industrials,Airlines
TER,Technology,Semiconductor Equipment & Materials
BG,Consumer Defensive,Farm Products
DXCM,Healthcare,Medical Devices
CDW,Technology,Information Technology Services
VMC,Basic Materials,Building Materials
IBKR,Financial Services,Capital Markets
BRKR,Healthcare,Medical Devices
VEEV,Healthcare,Health Information Services
IP,Consumer Cyclical,Packaging & Containers
CTLT,Healthcare,Drug Manufacturers—Specialty & Generic
VFC,Consumer Cyclical,Apparel Manufacturing
CPRI,Consumer Cyclical,Luxury Goods
ZBRA,Technology,Communication Equipment
SNA,Industrials,Tools & Accessories
MTCH,Communication Services,Internet Content & Information
SNAP,Communication Services,Internet Content & Information
BBWI,Consumer Cyclical,Specialty Retail
WHR,Consumer Cyclical,"Furnishings, Fixtures & Appliances"
SSNC,Technology,Software—Application
CRI,Consumer Cyclical,Apparel Retail
HPE,Technology,Communication Equipment
MKC,Consumer Defensive,Packaged Foods
AVY,Consumer Cyclical,Packaging & Containers
LYB,Basic Materials,Specialty Chemicals
VTRS,Healthcare,Drug Manufacturers—Specialty & Generic
MSCI,Financial Services,Financial Data & Stock Exchanges
PINS,Communication Services,Internet Content & Information
YUM,Consumer Cyclical,Restaurants
STLD,Basic Materials,Steel
CUZ,Real Estate,REIT—Office
SEE,Consumer Cyclical,Packaging & Containers
NUE,Basic Materials,Steel
EXPE,Consumer Cyclical,Travel Services
JBHT,Industrials,Integrated Freight & Logistics
AA,Basic Materials,Aluminum
IEX,Industrials,Specialty Industrial Machinery
ZION,Financial Services,Banks—Regional
MMP,Energy,Oil & Gas Midstream
EXAS,Healthcare,Diagnostics & Research
MFC,Financial Services,Insurance—Life
MDB,Technology,Software—Infrastructure
TTD,Technology,Software—Application
TDG,Industrials,Aerospace & Defense
USPH,Healthcare,Medical Care Facilities
BHP,Basic Materials,Other Industrial Metals & Mining
FIP,Industrials,Conglomerates
WDS,Energy,Oil & Gas E&P
FTAI,Industrials,Rental & Leasing Services
NWN,Utilities,Utilities—Regulated Gas
AEP,Utilities,Utilities—Regulated Electric
AWK,Utilities,Utilities—Regulated Water
AGR,Utilities,Utilities—Regulated Electric
DECK,Consumer Cyclical,Footwear & Accessories
ETR,Utilities,Utilities—Regulated Electric
JEF,Financial Services,Capital Markets
NNN,Real Estate,REIT—Retail
SON,Consumer Cyclical,Packaging & Containers
TRU,Industrials,Consulting Services
BP,Energy,Oil & Gas Integrated
HON,Industrials,Conglomerates
CEG,Utilities,Utilities—Renewable
ARLP,Energy,Thermal Coal
CRT,Energy,Oil & Gas E&P
FLNG,Energy,Oil & Gas Midstream
GPP,Energy,Oil & Gas Midstream
NEP,Utilities,Utilities—Renewable
EOG,Energy,Oil & Gas E&P
ON,Technology,Semiconductors
BBY,Consumer Cyclical,Specialty Retail
FAST,Industrials,Industrial Distribution
TOTZF,Energy,Oil & Gas Equipment & Services
PKG,Consumer Cyclical,Packaging & Containers
AKR,Real Estate,REIT—Retail
AFRM,Technology,Software—Infrastructure
AGNC,Real Estate,REIT—Mortgage
AAT,Real Estate,REIT—Diversified
FOLD,Healthcare,Biotechnology
APO,Financial Services,Asset Management
ARRY,Technology,Solar
CAR,Industrials,Rental & Leasing Services
AXS,Financial Services,Insurance—Specialty
BILL,Technology,Software—Application
CPT,Real Estate,REIT—Residential
YOU,Technology,Software—Application
COLB,Financial Services,Banks—Regional
CONN,Consumer Cyclical,Specialty Retail
CWK,Real Estate,Real Estate Services
DDOG,Technology,Software—Application
DNB,Financial Services,Financial Data & Stock Exchanges
EWBC,Financial Services,Banks—Diversified
EDIT,Healthcare,Biotechnology
ESRT,Real Estate,REIT—Diversified
FCNCA,Financial Services,Banks—Regional
FLO,Consumer Defensive,Packaged Foods
FCEL,Industrials,Electrical Equipment & Parts
GTLB,Technology,Software—Application
HQY,Healthcare,Health Information Services
HUN,Basic Materials,Chemicals
INSP,Healthcare,Medical Devices
JKHY,Technology,Information Technology Services
JLL,Real Estate,Real Estate Services
KRTX,Healthcare,Biotechnology
LC,Financial Services,Credit Services
FWONK,Communication Services,Entertainment
LPSN,Technology,Software—Application
MDGL,Healthcare,Biotechnology
MRVI,Healthcare,Biotechnology
VAC,Consumer Cyclical,Resorts & Casinos
MPW,Real Estate,REIT—Healthcare Facilities
MRTX,Healthcare,Biotechnology
TAP,Consumer Defensive,Beverages—Brewers
NTRA,Healthcare,Diagnostics & Research
NYCB,Financial Services,Banks—Regional
NOV,Energy,Oil & Gas Equipment & Services
NTNX,Technology,Software—Infrastructure
OPEN,Real Estate,Real Estate Services
OUT,Real Estate,REIT—Specialty
PLUG,Industrials,Electrical Equipment & Parts
QTWO,Technology,Software—Application
RGA,Financial Services,Insurance—Reinsurance
RNG,Technology,Software—Application
RITM,Real Estate,REIT—Mortgage
ROKU,Communication Services,Entertainment
SBRA,Real Estate,REIT—Healthcare Facilities
SHLS,Technology,Solar
TEX,Industrials,Farm & Heavy Construction Machinery
UGI,Utilities,Utilities—Regulated Gas
UNM,Financial Services,Insurance—Life
VCYT,Healthcare,Biotechnology
VNO,Real Estate,REIT—Office
W,Consumer Cyclical,Internet Retail
WBS,Financial Services,Banks—Regional
WFAFY,Consumer Cyclical,Home Improvement Retail
ZS,Technology,Software—Infrastructure
HES,Energy,Oil & Gas E&P
UI,Technology,Communication Equipment
VNT,Technology,Scientific & Technical Instruments
APPF,Technology,Software—Application
ARQT,Healthcare,Biotechnology
CHDN,Consumer Cyclical,Gambling
FOXF,Consumer Cyclical,Auto Parts
GMED,Healthcare,Medical Devices
SLGN,Consumer Cyclical,Packaging & Containers
TWKS,Technology,Information Technology Services
UTZ,Consumer Defensive,Packaged Foods
VBTX,Financial Services,Banks—Regional
ANDE,Consumer Defensive,Food Distribution
BALL,Consumer Cyclical,Packaging & Containers
IRBT,Consumer Cyclical,"Furnishings, Fixtures & Appliances"
SQ,Technology,Software—Infrastructure
CCCS,Technology,Software—Infrastructure
BABA,Consumer Cyclical,Internet Retail
CARG,Consumer Cyclical,Auto & Truck Dealerships
PEG,Utilities,Utilities—Regulated Electric
U,Technology,Software—Application
LPLA,Financial Services,Capital Markets
AME,Industrials,Specialty Industrial Machinery
BHF,Financial Services,Insurance—Life
BANC,Financial Services,Banks—Regional
DKNG,Consumer Cyclical,Gambling
PNFP,Financial Services,Banks—Regional
UPWK,Industrials,Staffing & Employment Services
MRO,Energy,Oil & Gas E&P
XP,Financial Services,Capital Markets
VCTR,Financial Services,Asset Management
TREX,Industrials,Building Products & Equipment
SKY,Consumer Cyclical,Residential Construction
SSD,Basic Materials,Lumber & Wood Production
SCI,Consumer Cyclical,Personal Services
QSR,Consumer Cyclical,Restaurants
RRC,Energy,Oil & Gas E&P
RH,Consumer Cyclical,Specialty Retail
PHM,Consumer Cyclical,Residential Construction
PAM,Utilities,Utilities—Independent Power Producers
NDSN,Industrials,Specialty Industrial Machinery
MKSI,Technology,Scientific & Technical Instruments
ITW,Industrials,Specialty Industrial Machinery
GFI,Basic Materials,Gold
DQ,Technology,Semiconductor Equipment & Materials
CROX,Consumer Cyclical,Footwear & Accessories
GNTX,Consumer Cyclical,Auto Parts
DIOD,Technology,Semiconductors
CBSH,Financial Services,Banks—Regional
CRUS,Technology,Semiconductors
CIG,Utilities,Utilities—Diversified
EQNR,Energy,Oil & Gas Integrated
JGCCY,Industrials,Engineering & Construction
MJDLF,Basic Materials,Other Industrial Metals & Mining
MLYBY,Financial Services,Banks—Regional
PDS,Energy,Oil & Gas Drilling
VIV,Communication Services,Telecom Services
TSCDY,Consumer Defensive,Grocery Stores
TKC,Communication Services,Telecom Services
WOW,Communication Services,Telecom Services
AHCO,Healthcare,Medical Devices
GNRC,Industrials,Specialty Industrial Machinery
DTE,Utilities,Utilities—Regulated Electric
TRMB,Technology,Scientific & Technical Instruments
SWK,Industrials,Tools & Accessories
NCLH,Consumer Cyclical,Travel Services
KMX,Consumer Cyclical,Auto & Truck Dealerships
CZR,Consumer Cyclical,Resorts & Casinos
RCL,Consumer Cyclical,Travel Services
WDC,Technology,Computer Hardware
INFN,Technology,Communication Equipment
TYL,Technology,Software—Application
BIIB,Healthcare,Drug Manufacturers—General
CHWY,Consumer Cyclical,Internet Retail
GWW,Industrials,Industrial Distribution
LAMR,Real Estate,REIT—Specialty
REXR,Real Estate,REIT—Industrial
FMC,Basic Materials,Agricultural Inputs
M,Consumer Cyclical,Department Stores
COHR,Technology,Scientific & Technical Instruments
AAIC,Real Estate,REIT—Mortgage
LGI,Financial Services,Asset Management
AVNT,Basic Materials,Specialty Chemicals
SNDR,Industrials,Trucking
ALGM,Technology,Semiconductors
VSH,Technology,Semiconductors
BOH,Financial Services,Banks—Regional
CIVI,Energy,Oil & Gas E&P
TYG,Financial Services,Asset Management
GTES,Industrials,Specialty Industrial Machinery
ITT,Industrials,Specialty Industrial Machinery
KBR,Industrials,Engineering & Construction
ABCB,Financial Services,Banks—Regional
SBCF,Financial Services,Banks—Regional
SIVBQ,Financial Services,Banks—Regional
CMI,Industrials,Specialty Industrial Machinery
ALNY,Healthcare,Biotechnology
NLY,Real Estate,REIT—Mortgage
ASXFY,Financial Services,Financial Data & Stock Exchanges
ATO,Utilities,Utilities—Regulated Gas
BMRN,Healthcare,Biotechnology
BLNK,Industrials,Engineering & Construction
BHKLY,Financial Services,Banks—Regional
BRO,Financial Services,Insurance Brokers
CDNA,Healthcare,Diagnostics & Research
ED,Utilities,Utilities—Regulated Electric
APPS,Technology,Software—Application
GRFS,Healthcare,Drug Manufacturers—General
GO,Consumer Defensive,Grocery Stores
HE,Utilities,Utilities—Regulated Electric
HPP,Real Estate,REIT—Office
IBRX,Healthcare,Biotechnology
IONS,Healthcare,Biotechnology
MITEY,Real Estate,Real Estate—Diversified
MONOY,Consumer Cyclical,Internet Retail
NTDTY,Technology,Information Technology Services
OHI,Real Estate,REIT—Healthcare Facilities
PACW,Financial Services,Banks—Regional
RIVN,Consumer Cyclical,Auto Manufacturers
SBNY,Financial Services,Banks—Regional
SILK,Healthcare,Medical Devices
SKBSY,Industrials,Engineering & Construction
SNOW,Technology,Software—Application
SMPNY,Financial Services,Insurance—Property & Casualty
RUN,Technology,Solar
VONOY,Real Estate,Real Estate Services
WAL,Financial Services,Banks—Regional
ZG,Communication Services,Internet Content & Information
LSXMA,Communication Services,Broadcasting
LTRPA,Communication Services,Internet Content & Information
WCC,Industrials,Industrial Distribution
AES,Utilities,Utilities—Diversified
ECL,Basic Materials,Specialty Chemicals
RRX,Industrials,Specialty Industrial Machinery
HIW,Real Estate,REIT—Office
ELS,Real Estate,REIT—Residential
CCK,Consumer Cyclical,Packaging & Containers
REG,Real Estate,REIT—Retail
UHS,Healthcare,Medical Care Facilities
AMED,Healthcare,Medical Care Facilities
PSTG,Technology,Computer Hardware
VRSN,Technology,Software—Infrastructure
DOCU,Technology,Software—Application
EHC,Healthcare,Medical Care Facilities
HOG,Consumer Cyclical,Recreational Vehicles
MAT,Consumer Cyclical,Leisure
HR,Real Estate,REIT—Healthcare Facilities
NWL,Consumer Defensive,Household & Personal Products
GDDY,Technology,Software—Infrastructure
BCC,Basic Materials,Building Materials
PAA,Energy,Oil & Gas Midstream
VIA,Utilities,Utilities—Regulated Electric
TRTN,Industrials,Rental & Leasing Services
ENTG,Technology,Semiconductor Equipment & Materials
FIVE,Consumer Cyclical,Specialty Retail
ORLY,Consumer Cyclical,Specialty Retail
CW,Industrials,Aerospace & Defense
CANO,Healthcare,Medical Care Facilities
KKOYY,Consumer Defensive,Grocery Stores
NPPNY,Healthcare,Drug Manufacturers—Specialty & Generic
NCLTY,Consumer Cyclical,"Furnishings, Fixtures & Appliances"
RCRUY,Industrials,Staffing & Employment Services
SGAPY,Communication Services,Telecom Services
TOSYY,Industrials,Conglomerates
UNICY,Consumer Defensive,Household & Personal Products
UNVGY,Communication Services,Entertainment
CBZ,Industrials,Specialty Business Services
IBN,Financial Services,Banks—Regional
PFGC,Consumer Defensive,Food Distribution
SVC,Real Estate,REIT—Hotel & Motel
LNT,Utilities,Utilities—Regulated Electric
UEEC,Healthcare,Medical Instruments & Supplies
CCEP,Consumer Defensive,Beverages—Non-Alcoholic
HBI,Consumer Cyclical,Apparel Manufacturing
VMW,Technology,Software—Infrastructure
EMN,Basic Materials,Specialty Chemicals
EAF,Industrials,Electrical Equipment & Parts
ASO,Consumer Cyclical,Specialty Retail
HLI,Financial Services,Capital Markets
BKR,Energy,Oil & Gas Equipment & Services
H,Consumer Cyclical,Lodging
ACM,Industrials,Engineering & Construction
SUI,Real Estate,REIT—Residential
PCAR,Industrials,Farm & Heavy Construction Machinery
SQM,Basic Materials,Specialty Chemicals
AGX,Industrials,Engineering & Construction
HASI,Real Estate,REIT—Specialty
FPI,Real Estate,REIT—Specialty
BSM,Energy,Oil & Gas E&P
DPLS,Technology,Scientific & Technical Instruments
FBIN,Industrials,Building Products & Equipment
KW,Real Estate,Real Estate Services
AZEK,Industrials,Building Products & Equipment
WTRG,Utilities,Utilities—Regulated Water
ARWR,Healthcare,Biotechnology
CELH,Consumer Defensive,Beverages—Non-Alcoholic
CHE,Healthcare,Medical Care Facilities
ENVX,Industrials,Electrical Equipment & Parts
FATE,Healthcare,Biotechnology
HZNP,Healthcare,Drug Manufacturers—General
PSO,Communication Services,Publishing
RBLX,Communication Services,Electronic Gaming & Multimedia
SWAV,Healthcare,Medical Devices
SPWR,Technology,Solar
SYNH,Healthcare,Diagnostics & Research
AGI,Basic Materials,Gold
ICFI,Industrials,Consulting Services
MTSI,Technology,Semiconductors
BA,Industrials,Aerospace & Defense
FMCC,Financial Services,Mortgage Finance
ICLR,Healthcare,Diagnostics & Research
CHRS,Healthcare,Biotechnology
CMPS,Healthcare,Medical Care Facilities
JD,Consumer Cyclical,Internet Retail
BEKE,Real Estate,Real Estate Services
TME,Communication Services,Internet Content & Information
CG,Financial Services,Asset Management
DT,Technology,Software—Application
WAB,Industrials,Railroads
AFL,Financial Services,Insurance—Life
ACGL,Financial Services,Insurance—Diversified
IAC,Communication Services,Internet Content & Information
NXST,Communication Services,Entertainment
WMS,Industrials,Building Products & Equipment
SPLK,Technology,Software—Infrastructure
WIW,Financial Services,Asset Management
AQN,Utilities,Utilities—Renewable
ATKR,Industrials,Electrical Equipment & Parts
TU,Communication Services,Telecom Services
SAND,Basic Materials,Gold
KNX,Industrials,Trucking
AVXL,Healthcare,Biotechnology
AROC,Energy,Oil & Gas Equipment & Services
ATHA,Healthcare,Biotechnology
BLFS,Healthcare,Medical Instruments & Supplies
BORR,Energy,Oil & Gas Drilling
SAVA,Healthcare,Biotechnology
CMTG,Real Estate,REIT—Mortgage
COGT,Healthcare,Biotechnology
CTRA,Energy,Oil & Gas E&P
CRGY,Energy,Oil & Gas E&P
XPRO,Energy,Oil & Gas Equipment & Services
GEVO,Basic Materials,Specialty Chemicals
HLX,Energy,Oil & Gas Equipment & Services
HP,Energy,Oil & Gas Drilling
NOTV,Healthcare,Diagnostics & Research
INSW,Energy,Oil & Gas Midstream
KALV,Healthcare,Biotechnology
KRYS,Healthcare,Biotechnology
KURA,Healthcare,Biotechnology
NESR,Energy,Oil & Gas Equipment & Services
NTST,Real Estate,REIT—Retail
DOC,Real Estate,REIT—Healthcare Facilities
RLMD,Healthcare,Biotechnology
SWTX,Healthcare,Biotechnology
TELL,Energy,Oil & Gas E&P
UEC,Energy,Uranium
PCVX,Healthcare,Biotechnology
LGIH,Consumer Cyclical,Residential Construction
LCII,Consumer Cyclical,Recreational Vehicles
WTM,Financial Services,Insurance—Property & Casualty
TRS,Consumer Cyclical,Packaging & Containers
FCFS,Financial Services,Credit Services
PRI,Financial Services,Insurance—Life
BECN,Industrials,Industrial Distribution
PLXS,Technology,Electronic Components
ARW,Technology,Electronics & Computer Distribution
AIT,Industrials,Industrial Distribution
MBC,Consumer Cyclical,"Furnishings, Fixtures & Appliances"
ARCB,Industrials,Trucking
MASI,Healthcare,Medical Devices
WYNN,Consumer Cyclical,Resorts & Casinos
INSM,Healthcare,Biotechnology
SUPN,Healthcare,Drug Manufacturers—Specialty & Generic
AB,Financial Services,Asset Management
AKAM,Technology,Software—Infrastructure
CPXWF,Utilities,Utilities—Independent Power Producers
HTGC,Financial Services,Asset Management
ORI,Financial Services,Insurance—Diversified
PPL,Utilities,Utilities—Regulated Electric
R,Industrials,Rental & Leasing Services
CRWD,Technology,Software—Infrastructure
AGO,Financial Services,Insurance—Specialty
ZI,Technology,Software—Application
NET,Technology,Software—Infrastructure
EXEL,Healthcare,Biotechnology
GWRE,Technology,Software—Application
LEN,Consumer Cyclical,Residential Construction
ESTC,Technology,Software—Application
SF,Financial Services,Capital Markets
LYFT,Technology,Software—Application
PPC,Consumer Defensive,Packaged Foods
ROST,Consumer Cyclical,Apparel Retail
ACHC,Healthcare,Medical Care Facilities
BERY,Consumer Cyclical,Packaging & Containers
BKI,Technology,Software—Application
BFAM,Consumer Cyclical,Personal Services
BR,Technology,Information Technology Services
BLDR,Industrials,Building Products & Equipment
ESI,Basic Materials,Specialty Chemicals
GFL,Industrials,Waste Management
LESL,Consumer Cyclical,Specialty Retail
PLNT,Consumer Cyclical,Leisure
QRVO,Technology,Semiconductors
REZI,Industrials,Security & Protection Services
SMG,Basic Materials,Agricultural Inputs
FOUR,Technology,Software—Infrastructure
USFD,Consumer Defensive,Food Distribution
VRT,Industrials,Electrical Equipment & Parts
SSLZY,Energy,Oil & Gas E&P
ZBH,Healthcare,Medical Devices
ZIMV,Healthcare,Medical Devices
DPZ,Consumer Cyclical,Restaurants
SOLO,Consumer Cyclical,Auto Manufacturers
TREE,Financial Services,Financial Conglomerates
FLYW,Technology,Software—Infrastructure
AKRO,Healthcare,Biotechnology
BCEL,Healthcare,Biotechnology
IMVT,Healthcare,Biotechnology
KOD,Healthcare,Biotechnology
OCGN,Healthcare,Biotechnology
TWLO,Communication Services,Internet Content & Information
MGA,Consumer Cyclical,Auto Parts
PFG,Financial Services,Asset Management
WST,Healthcare,Medical Instruments & Supplies
SLB,Energy,Oil & Gas Equipment & Services
CR,Industrials,Specialty Industrial Machinery
GBDC,Financial Services,Asset Management
DASH,Communication Services,Internet Content & Information
POOL,Industrials,Industrial Distribution
JBL,Technology,Electronic Components
WSC,Industrials,Rental & Leasing Services
LUV,Industrials,Airlines
NYT,Communication Services,Publishing
CHH,Consumer Cyclical,Lodging
PAG,Consumer Cyclical,Auto & Truck Dealerships
OKTA,Technology,Software—Infrastructure
BRX,Real Estate,REIT—Retail
DBRG,Real Estate,Real Estate Services
PTC,Technology,Software—Application
COO,Healthcare,Medical Instruments & Supplies
FND,Consumer Cyclical,Home Improvement Retail
KSS,Consumer Cyclical,Department Stores
XRAY,Healthcare,Medical Instruments & Supplies
ACI,Consumer Defensive,Grocery Stores
AEE,Utilities,Utilities—Regulated Electric
DOX,Technology,Software—Infrastructure
COLD,Real Estate,REIT—Industrial
FCN,Industrials,Consulting Services
AMLX,Healthcare,Biotechnology
PLL,Basic Materials,Other Industrial Metals & Mining
VTNR,Energy,Oil & Gas Refining & Marketing
KBH,Consumer Cyclical,Residential Construction
JOE,Real Estate,Real Estate—Diversified
PCTY,Technology,Software—Application
GLPI,Real Estate,REIT—Specialty
WIT,Technology,Information Technology Services
SEIC,Financial Services,Asset Management
GGG,Industrials,Specialty Industrial Machinery
CP,Industrials,Railroads
CBOE,Financial Services,Financial Data & Stock Exchanges
BMN,Financial Services,Asset Management
GMRE,Real Estate,REIT—Healthcare Facilities
HQL,Financial Services,Asset Management
FANG,Energy,Oil & Gas E&P
MGY,Energy,Oil & Gas E&P
STAG,Real Estate,REIT—Industrial
PAHC,Healthcare,Drug Manufacturers—Specialty & Generic
CNXC,Technology,Information Technology Services
OMC,Communication Services,Advertising Agencies
GOGL,Industrials,Marine Shipping
IMKTA,Consumer Defensive,Grocery Stores
NHI,Real Estate,REIT—Healthcare Facilities
NEWT,Financial Services,Banks—Regional
SJT,Energy,Oil & Gas E&P
USDP,Industrials,Railroads
DOV,Industrials,Specialty Industrial Machinery
APG,Industrials,Engineering & Construction
TLRY,Healthcare,Drug Manufacturers—Specialty & Generic
ALK,Industrials,Airlines
ATR,Healthcare,Medical Instruments & Supplies
CRNC,Technology,Software—Application
BCRX,Healthcare,Biotechnology
RPD,Technology,Software—Infrastructure
APA,Energy,Oil & Gas E&P
DINO,Energy,Oil & Gas Refining & Marketing
OC,Industrials,Building Products & Equipment
SSYS,Technology,Computer Hardware
DRI,Consumer Cyclical,Restaurants
FICO,Technology,Software—Application
NTIOF,Financial Services,Banks—Diversified
AR,Energy,Oil & Gas E&P
ASB,Financial Services,Banks—Regional
ESTE,Energy,Oil & Gas E&P
GNK,Industrials,Marine Shipping
STNG,Energy,Oil & Gas Midstream
SM,Energy,Oil & Gas E&P
UBSI,Financial Services,Banks—Regional
SCCO,Basic Materials,Copper
ZM,Technology,Software—Application
JNPR,Technology,Communication Equipment
EXPD,Industrials,Integrated Freight & Logistics
FSLY,Technology,Software—Application
YETI,Consumer Cyclical,Leisure
KNOP,Industrials,Marine Shipping
RADI,Communication Services,Telecom Services
AMRC,Industrials,Engineering & Construction
FIVN,Technology,Software—Infrastructure
BL,Technology,Software—Application
GXO,Industrials,Integrated Freight & Logistics
HELE,Consumer Defensive,Household & Personal Products
MEDP,Healthcare,Diagnostics & Research
NOVT,Technology,Scientific & Technical Instruments
AMC,Communication Services,Entertainment
TXT,Industrials,Aerospace & Defense
OZK,Financial Services,Banks—Regional
AATC,Technology,Scientific & Technical Instruments
HWM,Industrials,Aerospace & Defense
TRUP,Financial Services,Insurance—Specialty
IPWR,Industrials,Electrical Equipment & Parts
UGRO,Industrials,Farm & Heavy Construction Machinery
WSM,Consumer Cyclical,Specialty Retail
INDB,Financial Services,Banks—Regional
GLOB,Technology,Information Technology Services
BEN,Financial Services,Asset Management
PEGA,Technology,Software—Application
PBA,Energy,Oil & Gas Midstream
UVV,Consumer Defensive,Tobacco
J,Industrials,Engineering & Construction
SPR,Industrials,Aerospace & Defense
ACAD,Healthcare,Biotechnology
ALLK,Healthcare,Biotechnology
AXSM,Healthcare,Biotechnology
CPE,Energy,Oil & Gas E&P
UUUU,Energy,Uranium
FNB,Financial Services,Banks—Regional
KOS,Energy,Oil & Gas E&P
MAC,Real Estate,REIT—Retail
NBR,Energy,Oil & Gas Drilling
NEX,Energy,Oil & Gas Equipment & Services
NAT,Industrials,Marine Shipping
NWBI,Financial Services,Banks—Regional
OCFC,Financial Services,Banks—Regional
RC,Real Estate,REIT—Mortgage
RTL,Real Estate,REIT—Diversified
BRC,Industrials,Security & Protection Services
TXRH,Consumer Cyclical,Restaurants
EMKR,Technology,Semiconductors
NI,Utilities,Utilities—Regulated Gas
AGCO,Industrials,Farm & Heavy Construction Machinery
EVT,Financial Services,Asset Management
PEN,Healthcare,Medical Devices
OMF,Financial Services,Credit Services
PGRE,Real Estate,REIT—Office
IMAX,Communication Services,Entertainment
EPD,Energy,Oil & Gas Midstream
TTE,Energy,Oil & Gas Integrated
OPI,Real Estate,REIT—Office
ONVO,Healthcare,Biotechnology
IGT,Consumer Cyclical,Gambling
MAXN,Technology,Solar
BRBR,Consumer Defensive,Packaged Foods
PSIX,Industrials,Specialty Industrial Machinery
FLL,Consumer Cyclical,Resorts & Casinos
CHKP,Technology,Software—Infrastructure
FMX,Consumer Defensive,Beverages—Brewers
AER,Industrials,Rental & Leasing Services
HLF,Consumer Defensive,Packaged Foods
IVCGF,,
RS,Basic Materials,Steel
PLTR,Technology,Software—Infrastructure
PVH,Consumer Cyclical,Apparel Manufacturing
FRT,Real Estate,REIT—Retail
LITE,Technology,Communication Equipment
COMM,Technology,Communication Equipment
SNX,Technology,Electronics & Computer Distribution
BSY,Technology,Software—Application
WIX,Technology,Software—Infrastructure
SMAR,Technology,Software—Application
DBX,Technology,Software—Infrastructure
IPGP,Technology,Semiconductor Equipment & Materials
RL,Consumer Cyclical,Apparel Manufacturing
SKLZ,Communication Services,Electronic Gaming & Multimedia
CHRW,Industrials,Integrated Freight & Logistics
MSGS,Communication Services,Entertainment
EEFT,Technology,Software—Infrastructure
XPO,Industrials,Trucking
WU,Financial Services,Credit Services
OLLI,Consumer Defensive,Discount Stores
MANH,Technology,Software—Application
QRTEA,Consumer Cyclical,Internet Retail
AMBP,Consumer Cyclical,Packaging & Containers
WEC,Utilities,Utilities—Regulated Electric
NRG,Utilities,Utilities—Independent Power Producers
OXBR,Financial Services,Insurance—Reinsurance
FLS,Industrials,Specialty Industrial Machinery
GFS,Technology,Semiconductors
MP,Basic Materials,Other Industrial Metals & Mining
UPST,Financial Services,Credit Services
BAM,Financial Services,Asset Management
XNGSY,Utilities,Utilities—Regulated Gas
PYCR,Technology,Software—Application
PNGAY,Financial Services,Insurance—Life
FSK,Financial Services,Asset Management
LMND,Financial Services,Insurance—Property & Casualty
WEX,Technology,Software—Infrastructure
OLED,Technology,Electronic Components
STNE,Technology,Software—Infrastructure
PENN,Consumer Cyclical,Resorts & Casinos
QGEN,Healthcare,Diagnostics & Research
XRX,Technology,Information Technology Services
UHAL,Industrials,Rental & Leasing Services
GPS,Consumer Cyclical,Apparel Retail
RGEN,Healthcare,Medical Instruments & Supplies
SDC,Healthcare,Medical Instruments & Supplies
SPCE,Industrials,Aerospace & Defense
AMH,Real Estate,REIT—Residential
EMBC,Healthcare,Medical Instruments & Supplies
NEO,Healthcare,Diagnostics & Research
TWST,Healthcare,Diagnostics & Research
USAC,Energy,Oil & Gas Equipment & Services
III,Technology,Information Technology Services
ASX,Technology,Semiconductors
PSMMY,Consumer Cyclical,Residential Construction
VALE,Basic Materials,Other Industrial Metals & Mining
WPC,Real Estate,REIT—Diversified
HII,Industrials,Aerospace & Defense
CVNA,Consumer Cyclical,Auto & Truck Dealerships
CSTL,Healthcare,Diagnostics & Research
DAVA,Technology,Software—Infrastructure
GBCI,Financial Services,Banks—Regional
ETRN,Energy,Oil & Gas Midstream
JBI,Industrials,Building Products & Equipment
EXP,Basic Materials,Building Materials
CABO,Communication Services,Telecom Services
BKE,Consumer Cyclical,Apparel Retail
BLKB,Technology,Software—Application
FLEX,Technology,Electronic Components
WABC,Financial Services,Banks—Regional
SIGI,Financial Services,Insurance—Property & Casualty
ICUI,Healthcare,Medical Instruments & Supplies
UFPI,Basic Materials,Lumber & Wood Production
